name,age,address,hobby
hogehoge1,11,hogehoge1,baseball
hogehoge2,22,hogehoge2,baseball
hogehoge3,33,hogehoge3,baseball
hogehoge4,44,hogehoge4,baseball
hogehoge5,55,hogehoge5,baseball
hogehoge1,11,hogehoge1,baseball
hogehoge2,22,hogehoge2,baseball
hogehoge3,33,hogehoge3,baseball
hogehoge4,44,hogehoge4,baseball
hogehoge5,55,hogehoge5,baseball
hogehoge1,11,hogehoge1,baseball
hogehoge2,22,hogehoge2,baseball
hogehoge3,33,hogehoge3,baseball
hogehoge4,44,hogehoge4,baseball
hogehoge5,55,hogehoge5,baseball
hogehoge1,11,hogehoge1,baseball
hogehoge2,22,hogehoge2,baseball
hogehoge3,33,hogehoge3,baseball
hogehoge4,44,hogehoge4,baseball
hogehoge5,55,hogehoge5,baseball
hogehoge1,11,hogehoge1,baseball
hogehoge2,22,hogehoge2,baseball
hogehoge3,33,hogehoge3,baseball
hogehoge4,44,hogehoge4,baseball
hogehoge5,55,hogehoge5,baseball
hogehoge1,11,hogehoge1,baseball
hogehoge2,22,hogehoge2,baseball
hogehoge3,33,hogehoge3,baseball
hogehoge4,44,hogehoge4,baseball
hogehoge5,55,hogehoge5,baseball
hogehoge1,11,hogehoge1,baseball
hogehoge2,22,hogehoge2,baseball
hogehoge3,33,hogehoge3,baseball
hogehoge4,44,hogehoge4,baseball
hogehoge5,55,hogehoge5,baseball
hogehoge1,11,hogehoge1,baseball
hogehoge2,22,hogehoge2,baseball
hogehoge3,33,hogehoge3,baseball
hogehoge4,44,hogehoge4,baseball
hogehoge5,55,hogehoge5,baseball
hogehoge1,11,hogehoge1,baseball
hogehoge2,22,hogehoge2,baseball
hogehoge3,33,hogehoge3,baseball
hogehoge4,44,hogehoge4,baseball
hogehoge5,55,hogehoge5,baseball
hogehoge1,11,hogehoge1,baseball
hogehoge2,22,hogehoge2,baseball
hogehoge3,33,hogehoge3,baseball
hogehoge4,44,hogehoge4,baseball
hogehoge5,55,hogehoge5,baseball
hogehoge1,11,hogehoge1,baseball
hogehoge2,22,hogehoge2,baseball
hogehoge3,33,hogehoge3,baseball
hogehoge4,44,hogehoge4,baseball
hogehoge5,55,hogehoge5,baseball
hogehoge1,11,hogehoge1,baseball
hogehoge2,22,hogehoge2,baseball
hogehoge3,33,hogehoge3,baseball
hogehoge4,44,hogehoge4,baseball
hogehoge5,55,hogehoge5,baseball
hogehoge1,11,hogehoge1,baseball
hogehoge2,22,hogehoge2,baseball
hogehoge3,33,hogehoge3,baseball
hogehoge4,44,hogehoge4,baseball
hogehoge5,55,hogehoge5,baseball
hogehoge1,11,hogehoge1,baseball
hogehoge2,22,hogehoge2,baseball
hogehoge3,33,hogehoge3,baseball
hogehoge4,44,hogehoge4,baseball
hogehoge5,55,hogehoge5,baseball
hogehoge1,11,hogehoge1,baseball
hogehoge2,22,hogehoge2,baseball
hogehoge3,33,hogehoge3,baseball
hogehoge4,44,hogehoge4,baseball
hogehoge5,55,hogehoge5,baseball
hogehoge1,11,hogehoge1,baseball
hogehoge2,22,hogehoge2,baseball
hogehoge3,33,hogehoge3,baseball
hogehoge4,44,hogehoge4,baseball
hogehoge5,55,hogehoge5,baseball
hogehoge1,11,hogehoge1,baseball
hogehoge2,22,hogehoge2,baseball
hogehoge3,33,hogehoge3,baseball
hogehoge4,44,hogehoge4,baseball
hogehoge5,55,hogehoge5,baseball
hogehoge1,11,hogehoge1,baseball
hogehoge2,22,hogehoge2,baseball
hogehoge3,33,hogehoge3,baseball
hogehoge4,44,hogehoge4,baseball
hogehoge5,55,hogehoge5,baseball
hogehoge1,11,hogehoge1,baseball
hogehoge2,22,hogehoge2,baseball
hogehoge3,33,hogehoge3,baseball
hogehoge4,44,hogehoge4,baseball
hogehoge5,55,hogehoge5,baseball
hogehoge1,11,hogehoge1,baseball
hogehoge2,22,hogehoge2,baseball
hogehoge3,33,hogehoge3,baseball
hogehoge4,44,hogehoge4,baseball
hogehoge5,55,hogehoge5,baseball
hogehoge1,11,hogehoge1,baseball
hogehoge2,22,hogehoge2,baseball
hogehoge3,33,hogehoge3,baseball
hogehoge4,44,hogehoge4,baseball
hogehoge5,55,hogehoge5,baseball
hogehoge1,11,hogehoge1,baseball
hogehoge2,22,hogehoge2,baseball
hogehoge3,33,hogehoge3,baseball
hogehoge4,44,hogehoge4,baseball
hogehoge5,55,hogehoge5,baseball
hogehoge1,11,hogehoge1,baseball
hogehoge2,22,hogehoge2,baseball
hogehoge3,33,hogehoge3,baseball
hogehoge4,44,hogehoge4,baseball
hogehoge5,55,hogehoge5,baseball
hogehoge1,11,hogehoge1,baseball
hogehoge2,22,hogehoge2,baseball
hogehoge3,33,hogehoge3,baseball
hogehoge4,44,hogehoge4,baseball
hogehoge5,55,hogehoge5,baseball
hogehoge1,11,hogehoge1,baseball
hogehoge2,22,hogehoge2,baseball
hogehoge3,33,hogehoge3,baseball
hogehoge4,44,hogehoge4,baseball
hogehoge5,55,hogehoge5,baseball
hogehoge1,11,hogehoge1,baseball
hogehoge2,22,hogehoge2,baseball
hogehoge3,33,hogehoge3,baseball
hogehoge4,44,hogehoge4,baseball
hogehoge5,55,hogehoge5,baseball